{
  "COPD": {
    "pm25_mean": 0.03126352798148533,
    "o3_mean": 12.82533294830461,
    "no2_mean": 0.058970402755327694,
    "tavg": -0.02408446103937115,
    "vmt": 0.00014890021746479152,
    "ndvi": 1.4250223587650512
  },
  "IHD": {
    "pm25_mean": 0.01790603477613159,
    "o3_mean": 6.296049672836624,
    "no2_mean": 0.06031484296931223,
    "tavg": -0.016421311698724836,
    "vmt": 0.00014871792880348877,
    "ndvi": 1.277711952071027
  }
}